모던 자바스크립트 Deep Dive,/shop/UsedShop/wuseditemall.aspx?ItemId=251552545
Do it! HTML + CSS + 자바스크립트 웹 표준의 정석,/shop/UsedShop/wuseditemall.aspx?ItemId=260235280
코딩 자율학습 HTML + CSS + 자바스크립트,/shop/UsedShop/wuseditemall.aspx?ItemId=292341014
Do it! 자바스크립트 + 제이쿼리 입문,/shop/UsedShop/wuseditemall.aspx?ItemId=139107429
코어 자바스크립트,/shop/UsedShop/wuseditemall.aspx?ItemId=206513031
혼자 공부하는 자바스크립트,/shop/UsedShop/wuseditemall.aspx?ItemId=258583816
생활코딩! HTML + CSS + 자바스크립트,/shop/UsedShop/wuseditemall.aspx?ItemId=177467185
인사이드 자바스크립트,/shop/UsedShop/wuseditemall.aspx?ItemId=34486660
자바스크립트로 배우는 SICP,/shop/UsedShop/wuseditemall.aspx?ItemId=307477122
생활코딩! HTML + CSS + 자바스크립트,/shop/UsedShop/wuseditemall.aspx?ItemId=291695193
Do it! 모던 자바스크립트 프로그래밍의 정석,/shop/UsedShop/wuseditemall.aspx?ItemId=305713425
Do it! 자바스크립트 입문,/shop/UsedShop/wuseditemall.aspx?ItemId=282436523
HTML + CSS + 자바스크립트,/shop/UsedShop/wuseditemall.aspx?ItemId=288584158
Do it! 자바스크립트 + 제이쿼리 입문,/shop/UsedShop/wuseditemall.aspx?ItemId=44282289
모던 자바스크립트 입문,/shop/UsedShop/wuseditemall.aspx?ItemId=138287372
자바스크립트 완벽 가이드,/shop/UsedShop/wuseditemall.aspx?ItemId=291483172
백엔드 입문자를 위한 모던 자바스크립트&Node.js,/shop/UsedShop/wuseditemall.aspx?ItemId=320535901
자바스크립트 + jQuery 완전정복 스터디 1 : 기초편,/shop/UsedShop/wuseditemall.aspx?ItemId=68048964
Do it! 웹 프로그래밍을 위한 자바스크립트 기본 편,/shop/UsedShop/wuseditemall.aspx?ItemId=187115518
자바스크립트 프로그래밍 입문,/shop/UsedShop/wuseditemall.aspx?ItemId=285751617
프론트엔드 개발자를 위한 자바스크립트 프로그래밍,/shop/UsedShop/wuseditemall.aspx?ItemId=26434671
Let's Get IT 자바스크립트 프로그래밍,/shop/UsedShop/wuseditemall.aspx?ItemId=273726766
HTML+ 자바스크립트 30일 완성,/shop/UsedShop/wuseditemall.aspx?ItemId=229207
HTML+CSS+자바스크립트 무작정 따라하기,/shop/UsedShop/wuseditemall.aspx?ItemId=398771
자바스크립트 코딩 기법과 핵심 패턴,/shop/UsedShop/wuseditemall.aspx?ItemId=13680905
